/*
SQLyog Community v13.1.5  (32 bit)
MySQL - 5.7.36 : Database - chignahuapan deportes
*********************************************************************
*/

/*!40101 SET NAMES utf8 */;

/*!40101 SET SQL_MODE=''*/;

/*!40014 SET @OLD_UNIQUE_CHECKS=@@UNIQUE_CHECKS, UNIQUE_CHECKS=0 */;
/*!40014 SET @OLD_FOREIGN_KEY_CHECKS=@@FOREIGN_KEY_CHECKS, FOREIGN_KEY_CHECKS=0 */;
/*!40101 SET @OLD_SQL_MODE=@@SQL_MODE, SQL_MODE='NO_AUTO_VALUE_ON_ZERO' */;
/*!40111 SET @OLD_SQL_NOTES=@@SQL_NOTES, SQL_NOTES=0 */;
CREATE DATABASE /*!32312 IF NOT EXISTS*/`chignahuapan deportes` /*!40100 DEFAULT CHARACTER SET utf8 */;

USE `chignahuapan deportes`;

/*Data for the table `amolestaciones` */

insert  into `amolestaciones`(`Id_Jugadores`,`No_Faltas`,`No_Amol`) values 
(1,'0','0'),
(2,'0','0'),
(3,'0','0'),
(4,'0','0'),
(5,'0','0'),
(6,'0','0'),
(7,'0','0'),
(8,'0','0');

/*Data for the table `equipos` */

insert  into `equipos`(`Id_Equipos`,`Nombre`,`DT`,`No_Jugadores`) values 
(1,'America','Fernando Ortiz',25),
(2,'Guadalajara','Veljko Paunoke',25),
(3,'Puebla','Juan Maximo',25),
(4,'CruzAzul','Raul Erasto',25),
(5,'Tigres','Miguel Herrera',25),
(6,'Atlas','Diego Cocca',25),
(7,'Santos','Eduardo Fentanes',25),
(8,'Toluca','Leonardo Ramos',25),
(9,'Queretaro','Mauro Gerk',25),
(10,'UNAM','Rafael Puentes',25),
(11,'Pachuca','Guillermo Almada',25),
(12,'Monterrey','Victor Manuel',25),
(13,'Leon','Nicolas Larcamon',25),
(14,'Necaxa','Jaime Lozano',25),
(15,'Tijuana','Ricardo Valiño',25),
(16,'Mazatlan','Beñat San Jose',25),
(17,'Juarez','Hernan Chistante',25),
(18,'San Luis','Andre Jardine',25);

/*Data for the table `jugadores` */

insert  into `jugadores`(`Id_Jugadores`,`Nom_Jugadores`,`Ap_Paterno`,`Num_Playera`,`Id_Equipos`) values 
(1,'Guillermo ','Ochoa','13',1),
(2,'Sebastián ','Cáceres','4',1),
(3,'Bruno ','Valdez','18',1),
(4,'Luis ','Fuentes','2',1),
(5,'Emilio ','Lara','23',1),
(6,'Pedro ','Aquino','5',1),
(7,'Jonathan ','Rodríguez','19',1),
(8,'Miguel ','Layún','19',1),
(9,'Álvaro ','Fidalgo','8',1),
(10,'Richard','Sánchez','20',1),
(11,'Henry ','Martín','21',1),
(12,'Miguel  ','Jiménez','23',2),
(13,'Gilberto ','Sepúlveda','3',2),
(14,'Luis  ','Olivas','15',2),
(15,'Antonio  ','Briseño','4',2),
(16,'Cristian  ','Calderón','26',2),
(17,' Carlos ','Cisneros','24',2),
(18,' Alan ','Torres','29',2),
(19,'Alexis  ','Vega','10',2),
(20,'Isaác ','Brizuela','11',2),
(21,'	Ángel ','Zaldívar','9',2),
(22,'Paolo  ','Yrizar','31',2),
(23,'Antony','Silva','1',3),
(24,'Israel ','Reyes','12',3),
(25,'Emanuel ','Gularte','17',3),
(26,'Lucas   ','Maia','27',3),
(27,'George ','Corral','4',3),
(28,'Federico  ','Mancuello','10',3),
(29,' Maximiliano  ','Araújo','20',3),
(30,'Pablo  ','Parra','14',3),
(31,'Martín ','Barragán','28',3),
(32,'	Amaury ','Escoto','7',3),
(33,'Guillermo  ','Martínez','15',3),
(34,'Carlos','Acevedo','1',4),
(35,'Hugo','Rodriguez','20',4),
(36,'Oscar','Manzanarez','3',4),
(37,'Omar','Campos','2',4),
(38,'David','Andrade','14',4),
(39,'Jose Lozano','18','25',4),
(40,'Fernando','Gorriagan','11',4),
(41,'Harold','Preciado','7',4),
(42,'Eduardo','Aguirre','19',4),
(43,'Javier','Correa','27',4),
(44,'Eduardo','Perez','15',4),
(45,'Luis','Garcia','22',5),
(46,'Haret','Ortega','24',5),
(47,'Andres','Monquera','26',5),
(48,'Brayan','Angulo','21',5),
(49,'Raul','Lopez','2',5),
(50,'Alan','Rodriguez','27',5),
(51,'Leonardo','Fernandez','10',5),
(52,'Jean','Meneses','16',5),
(53,'Carlos','Gonzalez','32',5),
(54,'Camilo','Sanvezzo','7',5),
(55,'Marcel','Ruiz','14',5),
(56,'Antonio','Rodriguez','4',6),
(57,'Jordan','Silva','3',6),
(58,'Enzo','Martinez','21',6),
(59,'Daniel','Cervanes','25',6),
(60,'Carlos','Zamora','30',6),
(61,'Mario','Osuna','11',6),
(62,'David','Brbona','20',6),
(63,'Jose','Angulo','19',6),
(64,'Ariel','Nahuelpan','32',6),
(65,'Ettson','Ayon','26',6),
(66,'Juan','Romagnoli','8',6),
(67,'Carlos','Acevedo','1',7),
(68,'Hugo','Rodriguez','20',7),
(69,'Oscar','Manzanarez','3',7),
(70,'Omar','Campos','2',7),
(71,'David','Andrade','14',7),
(72,'Jose Lozano','18','1',7),
(73,'Fernando','Gorriagan','11',7),
(74,'Harold','Preciado','7',7),
(75,'Eduardo','Aguirre','19',7),
(76,'Javier','Correa','27',7),
(77,'Eduardo','Perez','15',7),
(78,'Luis','Garcia','22',8),
(79,'Haret','Ortega','24',8),
(80,'Andres','Monquera','26',8),
(81,'Brayan','Angulo','21',8),
(82,'Raul','Lopez','2',8),
(83,'Alan','Rodriguez','27',8),
(84,'Leonardo','Fernandez','10',8),
(85,'Jean','Meneses','16',8),
(86,'Carlos','Gonzalez','32',8),
(87,'Camilo','Sanvezzo','7',8),
(88,'Marcel','Ruiz','14',8),
(89,'Antonio','Rodriguez','4',9),
(90,'Jordan','Silva','3',9),
(91,'Enzo','Martinez','21',9),
(92,'Daniel','Cervanes','25',9),
(93,'Carlos','Zamora','30',9),
(94,'Mario','Osuna','11',9),
(95,'David','Brbona','20',9),
(96,'Jose','Angulo','19',9),
(97,'Ariel','Nahuelpan','32',9),
(98,'Ettson','Ayon','26',9),
(99,'Juan','Romagnoli','8',9),
(100,'Carlos','Acevedo','1',10),
(101,'Hugo','Rodriguez','20',10),
(102,'Oscar','Manzanarez','3',10),
(103,'Omar','Campos','2',10),
(104,'David','Andrade','14',10),
(105,'Jose Lozano','18','2',10),
(106,'Fernando','Gorriagan','11',10),
(107,'Harold','Preciado','7',10),
(108,'Eduardo','Aguirre','19',10),
(109,'Javier','Correa','27',10),
(110,'Eduardo','Perez','15',10),
(111,'Luis','Garcia','22',11),
(112,'Haret','Ortega','24',11),
(113,'Andres','Monquera','26',11),
(114,'Brayan','Angulo','21',11),
(115,'Raul','Lopez','2',11),
(116,'Alan','Rodriguez','27',11),
(117,'Leonardo','Fernandez','10',11),
(118,'Jean','Meneses','16',11),
(119,'Carlos','Gonzalez','32',11),
(120,'Camilo','Sanvezzo','7',11),
(121,'Marcel','Ruiz','14',11),
(122,'Antonio','Rodriguez','4',12),
(123,'Jordan','Silva','3',12),
(124,'Enzo','Martinez','21',12),
(125,'Daniel','Cervanes','128',12),
(126,'Carlos','Zamora','30',12),
(127,'Mario','Osuna','11',12),
(128,'David','Brbona','20',12),
(129,'Jose','Angulo','19',12),
(130,'Ariel','Nahuelpan','32',12),
(131,'Ettson','Ayon','26',12),
(132,'Juan','Romagnoli','8',12),
(133,'Carlos','Acevedo','1',13),
(134,'Hugo','Rodriguez','20',13),
(135,'Oscar','Manzanarez','3',13),
(136,'Omar','Campos','2',13),
(137,'David','Andrade','14',13),
(138,'Jose Lozano','18','2',13),
(139,'Fernando','Gorriagan','11',13),
(140,'Harold','Preciado','7',13),
(141,'Eduardo','Aguirre','19',13),
(142,'Javier','Correa','27',13),
(143,'Eduardo','Perez','15',13),
(144,'Luis','Garcia','22',14),
(145,'Haret','Ortega','24',14),
(146,'Andres','Monquera','26',14),
(147,'Brayan','Angulo','21',14),
(148,'Raul','Lopez','2',14),
(149,'Alan','Rodriguez','27',14),
(150,'Leonardo','Fernandez','10',14),
(151,'Jean','Meneses','16',14),
(152,'Carlos','Gonzalez','32',14),
(153,'Camilo','Sanvezzo','7',14),
(154,'Marcel','Ruiz','14',14),
(155,'Antonio','Rodriguez','4',15),
(156,'Jordan','Silva','3',15),
(157,'Enzo','Martinez','21',15),
(158,'Daniel','Cervanes','25',15),
(159,'Carlos','Zamora','30',15),
(160,'Mario','Osuna','11',15),
(161,'David','Brbona','20',15),
(162,'Jose','Angulo','19',15),
(163,'Ariel','Nahuelpan','32',15),
(164,'Ettson','Ayon','26',15),
(165,'Juan','Romagnoli','8',15),
(166,'Carlos','Acevedo','1',16),
(167,'Hugo','Rodriguez','20',16),
(168,'Oscar','Manzanarez','3',16),
(169,'Omar','Campos','2',16),
(170,'David','Andrade','14',16),
(171,'Jose Lozano','18','2',16),
(172,'Fernando','Gorriagan','11',16),
(173,'Harold','Preciado','7',16),
(174,'Eduardo','Aguirre','19',16),
(175,'Javier','Correa','27',16),
(176,'Eduardo','Perez','15',16),
(177,'Luis','Garcia','22',17),
(178,'Haret','Ortega','24',17),
(179,'Andres','Monquera','26',17),
(180,'Brayan','Angulo','21',17),
(181,'Raul','Lopez','2',17),
(182,'Alan','Rodriguez','27',17),
(183,'Leonardo','Fernandez','10',17),
(184,'Jean','Meneses','16',17),
(185,'Carlos','Gonzalez','32',17),
(186,'Camilo','Sanvezzo','7',17),
(187,'Marcel','Ruiz','14',17);

/*Data for the table `partidos` */

insert  into `partidos`(`No_partido`,`Jornada`,`Local`,`Visitante`,`Lugar`,`Fechas`,`GolLoc`,`GolVist`) values 
(1,'1',1,2,'AZTECA','2022-01-01 12:00:00','3','1'),
(2,'1',3,4,'Angelopolis','2022-01-01 03:00:00','3','1'),
(3,'1',5,6,'Volcan','2022-01-01 07:00:00','3','1'),
(4,'1',7,8,'Laguna','2022-01-01 09:00:00','3','1');

/*Data for the table `tg` */

/*!40101 SET SQL_MODE=@OLD_SQL_MODE */;
/*!40014 SET FOREIGN_KEY_CHECKS=@OLD_FOREIGN_KEY_CHECKS */;
/*!40014 SET UNIQUE_CHECKS=@OLD_UNIQUE_CHECKS */;
/*!40111 SET SQL_NOTES=@OLD_SQL_NOTES */;
